{
  "experiment_id": "exp_007",
  "timestamp": "2026-06-12T06:24:47+00:00",
  "git_commit": "9143dea",
  "config_path": "experiments/configs/exp_007_longer_training.yml",
  "data_fingerprint": "ec2e07548f555da2",
  "model_dir": "models/exp_007",
  "models": {
    "42": "models/exp_007/td3_seed42_best.zip",
    "123": "models/exp_007/td3_seed123_best.zip"
  },
  "n_seeds": 2,
  "n_folds": 2,
  "aggregate": {
    "mean_mean_sharpe_ratio": -0.8511985004488702,
    "std_mean_sharpe_ratio": 0.1524779933015215,
    "mean_mean_cpr": 0.9005099063113016,
    "std_mean_cpr": 0.0025732107513117275,
    "mean_mean_max_drawdown": 0.28358145270106827,
    "std_mean_max_drawdown": 0.007650655417896862
  },
  "per_seed": {
    "42": [
      {
        "sharpe_ratio": 0.46798475064269307,
        "cpr": 1.0247380115332732,
        "max_drawdown": 0.14379316475499423
      },
      {
        "sharpe_ratio": -2.4753377381434762,
        "cpr": 0.7711353795867064,
        "max_drawdown": 0.40806842981134855
      }
    ],
    "123": [
      {
        "sharpe_ratio": 0.5797875966129302,
        "cpr": 1.0303594449264606,
        "max_drawdown": 0.1413495623740521
      },
      {
        "sharpe_ratio": -1.9772286109076276,
        "cpr": 0.7758067891987659,
        "max_drawdown": 0.4411146538638781
      }
    ]
  }
}